url,status,len,tables
https://basketball.realgm.com/player/Ochai-Agbaji/Summary/130970,200,155522,33
https://basketball.realgm.com/player/Bam-Adebayo/Summary/76939,200,211176,46
https://basketball.realgm.com/player/Grayson-Allen/Summary/52340,200,215576,51
https://basketball.realgm.com/player/Nickeil-Alexander-Walker/Summary/95702,200,204882,51
https://basketball.realgm.com/player/Santi-Aldama/Summary/119596,200,196122,54
https://basketball.realgm.com/player/Jarrett-Allen/Summary/85599,200,185691,42
https://basketball.realgm.com/player/Steven-Adams/Summary/27993,200,198171,37
https://basketball.realgm.com/player/Trey-Alexander/Summary/126849,200,141699,42
https://basketball.realgm.com/player/Jose-Alvarado/Summary/104934,200,172142,47
https://basketball.realgm.com/player/Kyle-Anderson/Summary/24265,200,250916,55
https://basketball.realgm.com/player/Alex-Antetokounmpo/Summary/140079,200,132082,28
https://basketball.realgm.com/player/Thanasis-Antetokounmpo/Summary/50244,200,213649,47
https://basketball.realgm.com/player/Cole-Anthony/Summary/105342,200,178771,52
https://basketball.realgm.com/player/Deni-Avdija/Summary/116938,200,152541,30
https://basketball.realgm.com/player/OG-Anunoby/Summary/84076,200,182197,40
https://basketball.realgm.com/player/Deandre-Ayton/Summary/74086,200,172049,41
https://basketball.realgm.com/player/Giannis-Antetokounmpo/Summary/49629,200,208625,34
https://basketball.realgm.com/player/Marvin-Bagley-III/Summary/81676,200,183737,42
https://basketball.realgm.com/player/Ace-Bailey/Summary/193999,200,109621,31
https://basketball.realgm.com/player/LaMelo-Ball/Summary/103892,200,144736,33
https://basketball.realgm.com/player/Lonzo-Ball/Summary/59501,200,147393,33
https://basketball.realgm.com/player/Paolo-Banchero/Summary/134150,200,171198,51
https://basketball.realgm.com/player/Desmond-Bane/Summary/107663,200,177155,41
https://basketball.realgm.com/player/Scottie-Barnes/Summary/119506,200,175180,51
https://basketball.realgm.com/player/Brooks-Barnhizer/Summary/162075,200,119820,29
https://basketball.realgm.com/player/Harrison-Barnes/Summary/2372,200,222692,48
https://basketball.realgm.com/player/Dominick-Barlow/Summary/180398,200,163286,40
https://basketball.realgm.com/player/RJ-Barrett/Summary/103893,200,168924,41
https://basketball.realgm.com/player/Charles-Bassey/Summary/88593,200,201346,56
https://basketball.realgm.com/player/Tamar-Bates/Summary/152728,200,106166,26
https://basketball.realgm.com/player/Jamison-Battle/Summary/134475,200,157606,43
https://basketball.realgm.com/player/Nicolas-Batum/Summary/782,200,265058,43
https://basketball.realgm.com/player/Bradley-Beal/Summary/24148,200,222515,48
https://basketball.realgm.com/player/Joan-Beringer/Summary/209899,200,127972,28
https://basketball.realgm.com/player/Saddiq-Bey/Summary/120280,200,160566,42
https://basketball.realgm.com/player/Goga-Bitadze/Summary/75906,200,224825,44
https://basketball.realgm.com/player/Anthony-Black/Summary/176057,200,150873,43
https://basketball.realgm.com/player/Bogdan-Bogdanovic/Summary/24809,200,232706,41
https://basketball.realgm.com/player/Bismack-Biyombo/Summary/24340,200,198607,36
https://basketball.realgm.com/player/Adem-Bona/Summary/137855,200,167935,46
https://basketball.realgm.com/player/Devin-Booker/Summary/41438,200,193331,43
https://basketball.realgm.com/player/Chris-Boucher/Summary/90843,200,200170,50
https://basketball.realgm.com/player/Christian-Braun/Summary/143286,200,150023,40
https://basketball.realgm.com/player/Koby-Brea/Summary/157545,200,105336,24
https://basketball.realgm.com/player/Mikal-Bridges/Summary/52342,200,173455,36
https://basketball.realgm.com/player/Miles-Bridges/Summary/74071,200,160958,40
https://basketball.realgm.com/player/Dillon-Brooks/Summary/53413,200,192711,45
https://basketball.realgm.com/player/Johni-Broome/Summary/161518,200,118311,26
https://basketball.realgm.com/player/Jaylen-Brown/Summary/52544,200,213121,45
https://basketball.realgm.com/player/Bruce-Brown-Jr/Summary/85612,200,194729,47
https://basketball.realgm.com/player/Kobe-Brown/Summary/108567,200,186301,49
https://basketball.realgm.com/player/Carter-Bryant/Summary/191063,200,112756,28
https://basketball.realgm.com/player/Jalen-Brunson/Summary/52545,200,184623,42
https://basketball.realgm.com/player/Thomas-Bryant/Summary/52030,200,226128,55
https://basketball.realgm.com/player/Matas-Buzelis/Summary/176589,200,146989,44
https://basketball.realgm.com/player/Jimmy-Butler-III/Summary/6160,200,245885,44
https://basketball.realgm.com/player/Jamal-Cain/Summary/121491,200,178895,41
https://basketball.realgm.com/player/Kentavious-Caldwell-Pope/Summary/24162,200,213507,42
https://basketball.realgm.com/player/Toumani-Camara/Summary/108765,200,144360,38
https://basketball.realgm.com/player/Clint-Capela/Summary/28284,200,223493,45
https://basketball.realgm.com/player/Dylan-Cardwell/Summary/139114,200,117757,30
https://basketball.realgm.com/player/Branden-Carlson/Summary/106474,200,158690,41
https://basketball.realgm.com/player/Bub-Carrington/Summary/186450,200,119742,31
https://basketball.realgm.com/player/Devin-Carter/Summary/162039,200,137884,38
https://basketball.realgm.com/player/Jevon-Carter/Summary/80283,200,212131,49
https://basketball.realgm.com/player/Wendell-Carter-Jr/Summary/76236,200,179591,46
https://basketball.realgm.com/player/Alex-Caruso/Summary/42349,200,230855,53
https://basketball.realgm.com/player/Colin-Castleton/Summary/132158,200,180941,40
https://basketball.realgm.com/player/Stephon-Castle/Summary/163089,200,127620,34
https://basketball.realgm.com/player/Julian-Champagnie/Summary/135177,200,177715,45
https://basketball.realgm.com/player/Justin-Champagnie/Summary/135180,200,218469,55
https://basketball.realgm.com/player/Cameron-Christie/Summary/192084,200,148903,43
https://basketball.realgm.com/player/Max-Christie/Summary/135151,200,210269,63
https://basketball.realgm.com/player/Moussa-Cisse/Summary/134188,200,136201,37
https://basketball.realgm.com/player/Sidy-Cissoko/Summary/175693,200,192628,44
https://basketball.realgm.com/player/Jaylen-Clark/Summary/132635,200,161283,49
https://basketball.realgm.com/player/Brandon-Clarke/Summary/84518,200,151517,35
https://basketball.realgm.com/player/Jordan-Clarkson/Summary/22892,200,211418,42
https://basketball.realgm.com/player/Nicolas-Claxton/Summary/108483,200,175792,45
https://basketball.realgm.com/player/Walter-Clayton-Jr/Summary/183386,200,123941,29
https://basketball.realgm.com/player/Noah-Clowney/Summary/162215,200,144337,40
https://basketball.realgm.com/player/Donovan-Clingan/Summary/176054,200,115875,30
https://basketball.realgm.com/player/Nique-Clifford/Summary/151296,200,120030,30
https://basketball.realgm.com/player/Malaki-Branham/Summary/135900,200,152466,41
https://basketball.realgm.com/player/Tony-Bradley/Summary/76384,200,239286,52
https://basketball.realgm.com/player/Amir-Coffey/Summary/59502,200,179067,41
https://basketball.realgm.com/player/Isaiah-Collier/Summary/160206,200,132964,36
https://basketball.realgm.com/player/John-Collins/Summary/83940,200,183598,40
https://basketball.realgm.com/player/Zach-Collins/Summary/85659,200,177627,45
https://basketball.realgm.com/player/Mike-Conley/Summary/33,200,246084,44
https://basketball.realgm.com/player/Pat-Connaughton/Summary/24234,200,197868,34
https://basketball.realgm.com/player/Javonte-Cooke/Summary/124004,200,154499,37
https://basketball.realgm.com/player/Sharife-Cooper/Summary/117356,200,206345,61
https://basketball.realgm.com/player/Bilal-Coulibaly/Summary/175550,200,134596,31
https://basketball.realgm.com/player/Isaiah-Crawford/Summary/136966,200,165863,46
https://basketball.realgm.com/player/Cedric-Coward/Summary/187064,200,105571,23
https://basketball.realgm.com/player/Cade-Cunningham/Summary/124839,200,161490,46
https://basketball.realgm.com/player/Tristan-Da-Silva/Summary/150739,200,150482,42
https://basketball.realgm.com/player/Pacome-Dadiet/Summary/162803,200,197975,49
https://basketball.realgm.com/player/Stephen-Curry/Summary/1600,200,261914,47
https://basketball.realgm.com/player/NFaly-Dante/Summary/107998,200,173284,53
https://basketball.realgm.com/player/Dyson-Daniels/Summary/151792,200,161994,43
https://basketball.realgm.com/player/Anthony-Davis/Summary/13305,200,236759,44
https://basketball.realgm.com/player/JD-Davison/Summary/151480,200,189860,54
https://basketball.realgm.com/player/Egor-Demin/Summary/183714,200,132992,34
https://basketball.realgm.com/player/DeMar-DeRozan/Summary/1605,200,247003,47
https://basketball.realgm.com/player/RayJ-Dennis/Summary/134550,200,172907,48
https://basketball.realgm.com/player/Donte-DiVincenzo/Summary/83939,200,184270,42
https://basketball.realgm.com/player/Moussa-Diabate/Summary/126848,200,159995,43
https://basketball.realgm.com/player/Hunter-Dickinson/Summary/117339,200,136761,39
https://basketball.realgm.com/player/Gradey-Dick/Summary/151289,200,152537,47
https://basketball.realgm.com/player/Ousmane-Dieng/Summary/148828,200,220595,56
https://basketball.realgm.com/player/Mohamed-Diawara/Summary/162802,200,164396,27
https://basketball.realgm.com/player/Rob-Dillingham/Summary/162009,200,144057,43
https://basketball.realgm.com/player/Nikola-Djurisic/Summary/152577,200,190017,39
https://basketball.realgm.com/player/Luguentz-Dort/Summary/95703,200,190198,54
https://basketball.realgm.com/player/Ayo-Dosunmu/Summary/107970,200,165080,44
https://basketball.realgm.com/player/Kris-Dunn/Summary/28240,200,206149,52
https://basketball.realgm.com/player/Andre-Drummond/Summary/24241,200,237420,48
https://basketball.realgm.com/player/Ryan-Dunn/Summary/162315,200,119658,30
https://basketball.realgm.com/player/Luka-Doncic/Summary/54148,200,221122,35
https://basketball.realgm.com/player/Jalen-Duren/Summary/137931,200,143595,40
https://basketball.realgm.com/player/Tari-Eason/Summary/127888,200,142720,37
https://basketball.realgm.com/player/Zach-Edey/Summary/133800,200,166324,50
https://basketball.realgm.com/player/VJ-Edgecombe/Summary/211409,200,121613,34
https://basketball.realgm.com/player/Anthony-Edwards/Summary/117444,200,180774,48
https://basketball.realgm.com/player/Justin-Edwards/Summary/162788,200,155541,43
https://basketball.realgm.com/player/Keon-Ellis/Summary/136248,200,196586,50
https://basketball.realgm.com/player/Joel-Embiid/Summary/49880,200,191491,40
https://basketball.realgm.com/player/Noa-Essengue/Summary/188669,200,136354,24
https://basketball.realgm.com/player/Tyson-Etienne/Summary/134223,200,161431,43
https://basketball.realgm.com/player/Drew-Eubanks/Summary/83989,200,189600,37
https://basketball.realgm.com/player/Tosan-Evbuomwan/Summary/139067,200,165330,42
https://basketball.realgm.com/player/Jeremiah-Fears/Summary/211987,200,111032,30
https://basketball.realgm.com/player/Dante-Exum/Summary/28245,200,210431,49
https://basketball.realgm.com/player/Kyle-Filipowski/Summary/176056,200,142792,36
https://basketball.realgm.com/player/Dorian-Finney-Smith/Summary/24159,200,188424,35
https://basketball.realgm.com/player/Cooper-Flagg/Summary/196882,200,118195,33
https://basketball.realgm.com/player/Trentyn-Flowers/Summary/191124,200,134765,40
https://basketball.realgm.com/player/Rasheer-Fleming/Summary/188739,200,111879,27
https://basketball.realgm.com/player/DeAaron-Fox/Summary/59503,200,185609,46
https://basketball.realgm.com/player/Enrique-Freeman/Summary/157173,200,160366,47
https://basketball.realgm.com/player/Simone-Fontecchio/Summary/27886,200,192314,26
https://basketball.realgm.com/player/Johnny-Furphy/Summary/205398,200,153409,44
https://basketball.realgm.com/player/Daniel-Gafford/Summary/97090,200,178560,45
https://basketball.realgm.com/player/Myron-Gardner/Summary/134269,200,167230,47
https://basketball.realgm.com/player/Darius-Garland/Summary/81685,200,145970,34
https://basketball.realgm.com/player/Luka-Garza/Summary/105352,200,197366,49
https://basketball.realgm.com/player/Keyonte-George/Summary/151235,200,135732,34
https://basketball.realgm.com/player/Kyshawn-George/Summary/137573,200,139131,35
https://basketball.realgm.com/player/Josh-Giddey/Summary/150528,200,169163,44
https://basketball.realgm.com/player/Shai-Gilgeous-Alexander/Summary/104915,200,193561,49
https://basketball.realgm.com/player/Anthony-Gill/Summary/24216,200,199321,45
https://basketball.realgm.com/player/Kevin-Durant/Summary/34,200,277726,48
https://basketball.realgm.com/player/Paul-George/Summary/2305,200,227340,40
https://basketball.realgm.com/player/Collin-Gillespie/Summary/118702,200,158751,41
https://basketball.realgm.com/player/Vladislav-Goldin/Summary/129488,200,138060,30
https://basketball.realgm.com/player/Rudy-Gobert/Summary/25858,200,253595,53
https://basketball.realgm.com/player/Hugo-Gonzalez/Summary/165262,200,142788,30
https://basketball.realgm.com/player/Jordan-Goodwin/Summary/88801,200,183042,43
https://basketball.realgm.com/player/Aaron-Gordon/Summary/24308,200,195585,40
https://basketball.realgm.com/player/Eric-Gordon/Summary/762,200,224208,39
https://basketball.realgm.com/player/Jerami-Grant/Summary/24661,200,198875,38
https://basketball.realgm.com/player/AJ-Green/Summary/107398,200,170031,45
https://basketball.realgm.com/player/Draymond-Green/Summary/2369,200,233973,44
https://basketball.realgm.com/player/Jalen-Green/Summary/117342,200,163334,49
https://basketball.realgm.com/player/Javonte-Green/Summary/31203,200,214000,50
https://basketball.realgm.com/player/Josh-Green/Summary/107565,200,161567,42
https://basketball.realgm.com/player/Jeff-Green/Summary/37,200,242250,35
https://basketball.realgm.com/player/Quentin-Grimes/Summary/107566,200,171396,43
https://basketball.realgm.com/player/Mouhamed-Gueye/Summary/160946,200,163990,45
https://basketball.realgm.com/player/Tyrese-Haliburton/Summary/132168,200,154204,37
https://basketball.realgm.com/player/Rui-Hachimura/Summary/72649,200,193030,47
https://basketball.realgm.com/player/Yang-Hansen/Summary/202779,200,117314,32
https://basketball.realgm.com/player/PJ-Hall/Summary/135514,200,148675,44
https://basketball.realgm.com/player/Jaden-Hardy/Summary/126838,200,173590,52
https://basketball.realgm.com/player/Tim-Hardaway-Jr/Summary/9386,200,218348,43
https://basketball.realgm.com/player/James-Harden/Summary/1598,200,273163,42
https://basketball.realgm.com/player/EJ-Harkless/Summary/107567,200,179449,48
https://basketball.realgm.com/player/Dylan-Harper/Summary/183006,200,114969,32
https://basketball.realgm.com/player/Ron-Harper/Summary/121151,200,170758,40
https://basketball.realgm.com/player/Gary-Harris/Summary/24252,200,200160,42
https://basketball.realgm.com/player/Kevon-Harris/Summary/107611,200,187641,49
https://basketball.realgm.com/player/Josh-Hart/Summary/41440,200,200946,41
https://basketball.realgm.com/player/Tobias-Harris/Summary/7119,200,229652,41
https://basketball.realgm.com/player/Sam-Hauser/Summary/90834,200,167659,40
https://basketball.realgm.com/player/Isaiah-Hartenstein/Summary/54263,200,223773,51
https://basketball.realgm.com/player/Jordan-Hawkins/Summary/151351,200,149028,43
https://basketball.realgm.com/player/Jaxson-Hayes/Summary/122662,200,164798,38
https://basketball.realgm.com/player/Nigel-Hayes-Davis/Summary/24673,200,225523,43
https://basketball.realgm.com/player/Scoot-Henderson/Summary/151559,200,137317,39
https://basketball.realgm.com/player/Taylor-Hendricks/Summary/149561,200,148453,41
https://basketball.realgm.com/player/Chucky-Hepburn/Summary/148723,200,107206,26
https://basketball.realgm.com/player/Aaron-Holiday/Summary/54843,200,183244,38
https://basketball.realgm.com/player/Buddy-Hield/Summary/42415,200,212024,43
https://basketball.realgm.com/player/Haywood-Highsmith/Summary/83454,200,204488,49
https://basketball.realgm.com/player/Tyler-Herro/Summary/104388,200,183625,45
https://basketball.realgm.com/player/Ron-Holland/Summary/162288,200,155590,51
https://basketball.realgm.com/player/Jrue-Holiday/Summary/1615,200,226798,40
https://basketball.realgm.com/player/DaRon-Holmes-II/Summary/139163,200,119765,31
https://basketball.realgm.com/player/Chet-Holmgren/Summary/134799,200,163506,45
https://basketball.realgm.com/player/Caleb-Houstan/Summary/117539,200,185368,57
https://basketball.realgm.com/player/Al-Horford/Summary/35,200,253235,40
https://basketball.realgm.com/player/Jett-Howard/Summary/135128,200,192086,63
https://basketball.realgm.com/player/Kevin-Huerter/Summary/89387,200,166427,38
https://basketball.realgm.com/player/James-Huff/Summary/106525,200,224739,56
https://basketball.realgm.com/player/Ariel-Hukporti/Summary/116911,200,190243,46
https://basketball.realgm.com/player/CJ-Huntley/Summary/169322,200,104793,24
https://basketball.realgm.com/player/DeAndre-Hunter/Summary/86000,200,178416,40
https://basketball.realgm.com/player/Bones-Hyland/Summary/120125,200,177489,46
https://basketball.realgm.com/player/Oso-Ighodaro/Summary/151448,200,134285,34
https://basketball.realgm.com/player/Joe-Ingles/Summary/1683,200,223545,34
https://basketball.realgm.com/player/Harrison-Ingram/Summary/135416,200,165267,46
https://basketball.realgm.com/player/Kyrie-Irving/Summary/7118,200,226527,45
https://basketball.realgm.com/player/Brandon-Ingram/Summary/72279,200,202091,50
https://basketball.realgm.com/player/Jaden-Ivey/Summary/148740,200,132826,33
https://basketball.realgm.com/player/Jonathan-Isaac/Summary/85618,200,178994,45
https://basketball.realgm.com/player/GG-Jackson/Summary/182761,200,172188,47
https://basketball.realgm.com/player/Isaiah-Jackson/Summary/132627,200,165579,45
https://basketball.realgm.com/player/Andre-Jackson-Jr/Summary/133189,200,162995,46
https://basketball.realgm.com/player/Jaren-Jackson-Jr/Summary/88806,200,188940,46
https://basketball.realgm.com/player/Quenton-Jackson/Summary/131622,200,196111,47
https://basketball.realgm.com/player/Trayce-Jackson-Davis/Summary/126857,200,203715,62
https://basketball.realgm.com/player/Kasparas-Jakucionis/Summary/175532,200,139048,32
https://basketball.realgm.com/player/Bronny-James/Summary/117543,200,166361,47
https://basketball.realgm.com/player/Sion-James/Summary/135591,200,118810,29
https://basketball.realgm.com/player/Jaime-Jaquez-Jr/Summary/103926,200,168113,46
https://basketball.realgm.com/player/LeBron-James/Summary/250,200,275068,36
https://basketball.realgm.com/player/Trey-Jemison/Summary/132196,200,180716,39
https://basketball.realgm.com/player/Daniss-Jenkins/Summary/151862,200,148914,40
https://basketball.realgm.com/player/Ty-Jerome/Summary/85677,200,159254,35
https://basketball.realgm.com/player/AJ-Johnson/Summary/161547,200,148059,38
https://basketball.realgm.com/player/Cameron-Johnson/Summary/80114,200,153603,30
https://basketball.realgm.com/player/Jalen-Johnson/Summary/117333,200,168587,49
https://basketball.realgm.com/player/Keldon-Johnson/Summary/104395,200,159706,40
https://basketball.realgm.com/player/Keshad-Johnson/Summary/134665,200,191115,56
https://basketball.realgm.com/player/Tre-Johnson/Summary/183923,200,114795,31
https://basketball.realgm.com/player/Nikola-Jokic/Summary/49571,200,223907,43
https://basketball.realgm.com/player/Colby-Jones/Summary/148719,200,223579,50
https://basketball.realgm.com/player/Curtis-Jones/Summary/149507,200,108847,25
https://basketball.realgm.com/player/Isaac-Jones/Summary/181648,200,182005,54
https://basketball.realgm.com/player/Kam-Jones/Summary/175956,200,94407,19
https://basketball.realgm.com/player/Herb-Jones/Summary/105363,200,164899,40
https://basketball.realgm.com/player/Spencer-Jones/Summary/136116,200,143841,37
https://basketball.realgm.com/player/Tre-Jones/Summary/92235,200,152847,37
https://basketball.realgm.com/player/David-Jones-Garcia/Summary/119546,200,164969,43
https://basketball.realgm.com/player/Nikola-Jovic/Summary/148861,200,217720,53
https://basketball.realgm.com/player/Tyus-Jones/Summary/26752,200,205444,48
https://basketball.realgm.com/player/DeAndre-Jordan/Summary/802,200,235452,39
https://basketball.realgm.com/player/Johnny-Juzang/Summary/117322,200,181186,49
https://basketball.realgm.com/player/Ryan-Kalkbrenner/Summary/134681,200,132027,34
https://basketball.realgm.com/player/Miles-Kelly/Summary/175939,200,114690,29
https://basketball.realgm.com/player/Luke-Kennard/Summary/42084,200,200998,48
https://basketball.realgm.com/player/Walker-Kessler/Summary/132628,200,135084,34
https://basketball.realgm.com/player/Corey-Kispert/Summary/105831,200,134413,28
https://basketball.realgm.com/player/Bobi-Klintman/Summary/147161,200,161597,45
https://basketball.realgm.com/player/Dalton-Knecht/Summary/166488,200,150142,35
https://basketball.realgm.com/player/Maxi-Kleber/Summary/27060,200,176702,33
https://basketball.realgm.com/player/Kon-Knueppel/Summary/201503,200,109650,30
https://basketball.realgm.com/player/Tyler-Kolek/Summary/150699,200,168402,44
https://basketball.realgm.com/player/Isaiah-Joe/Summary/132164,200,188894,49
https://basketball.realgm.com/player/Christian-Koloko/Summary/131565,200,157018,44
https://basketball.realgm.com/player/John-Konchar/Summary/81496,200,194063,44
https://basketball.realgm.com/player/Vit-Krejci/Summary/95013,200,234455,47
https://basketball.realgm.com/player/Luke-Kornet/Summary/56697,200,220993,50
https://basketball.realgm.com/player/Jonathan-Kuminga/Summary/127826,200,180980,47
https://basketball.realgm.com/player/Kyle-Kuzma/Summary/81004,200,181446,41
https://basketball.realgm.com/player/Zach-LaVine/Summary/41396,200,206810,47
https://basketball.realgm.com/player/Jake-LaRavia/Summary/151853,200,192103,43
https://basketball.realgm.com/player/Jock-Landale/Summary/81251,200,194232,42
https://basketball.realgm.com/player/Derrick-Jones/Summary/59508,200,214296,45
https://basketball.realgm.com/player/Pelle-Larsson/Summary/121029,200,170069,48
https://basketball.realgm.com/player/Chaz-Lanier/Summary/169259,200,118557,28
https://basketball.realgm.com/player/AJ-Lawson/Summary/120553,200,236345,60
https://basketball.realgm.com/player/Caris-LeVert/Summary/42322,200,190273,38
https://basketball.realgm.com/player/Dereck-Lively-II/Summary/150098,200,147706,45
https://basketball.realgm.com/player/EJ-Liddell/Summary/107392,200,183094,53
https://basketball.realgm.com/player/Kawhi-Leonard/Summary/2256,200,222396,40
https://basketball.realgm.com/player/Damian-Lillard/Summary/13809,200,237964,45
https://basketball.realgm.com/player/Isaiah-Livers/Summary/107423,200,139294,34
https://basketball.realgm.com/player/Kevon-Looney/Summary/41494,200,201134,48
https://basketball.realgm.com/player/Brook-Lopez/Summary/770,200,232930,40
https://basketball.realgm.com/player/Caleb-Love/Summary/143332,200,122643,32
https://basketball.realgm.com/player/Kyle-Lowry/Summary/78,200,252648,43
https://basketball.realgm.com/player/Kevin-Love/Summary/760,200,240326,46
https://basketball.realgm.com/player/Khaman-Maluach/Summary/185649,200,140496,36
https://basketball.realgm.com/player/Terance-Mann/Summary/73135,200,194681,50
https://basketball.realgm.com/player/Sandro-Mamukelashvili/Summary/103506,200,195596,52
https://basketball.realgm.com/player/Tre-Mann/Summary/117467,200,202468,52
https://basketball.realgm.com/player/Chris-Manon/Summary/159247,200,108558,22
https://basketball.realgm.com/player/Lauri-Markkanen/Summary/53967,200,163316,35
https://basketball.realgm.com/player/Alijah-Martin/Summary/134875,200,106794,24
https://basketball.realgm.com/player/Naji-Marshall/Summary/118831,200,188086,48
https://basketball.realgm.com/player/Caleb-Martin/Summary/80111,200,217735,39
https://basketball.realgm.com/player/Tyrese-Martin/Summary/120264,200,171751,43
https://basketball.realgm.com/player/Tyrese-Maxey/Summary/108178,200,189425,53
https://basketball.realgm.com/player/Karlo-Matkovic/Summary/118836,200,198380,42
https://basketball.realgm.com/player/Bennedict-Mathurin/Summary/147080,200,147767,37
https://basketball.realgm.com/player/Miles-McBride/Summary/132462,200,176493,43
https://basketball.realgm.com/player/Jared-McCain/Summary/161548,200,125344,36
https://basketball.realgm.com/player/Mac-McClung/Summary/132187,200,218221,52
https://basketball.realgm.com/player/CJ-McCollum/Summary/17251,200,235696,46
https://basketball.realgm.com/player/Kevin-McCullar-Jr/Summary/132445,200,154302,46
https://basketball.realgm.com/player/Bryce-McGowens/Summary/151325,200,167117,44
https://basketball.realgm.com/player/Jaden-McDaniels/Summary/132425,200,172362,46
https://basketball.realgm.com/player/Doug-McDermott/Summary/23478,200,218798,42
https://basketball.realgm.com/player/Liam-McNeeley/Summary/182769,200,113252,31
https://basketball.realgm.com/player/Jordan-McLaughlin/Summary/52558,200,200958,49
https://basketball.realgm.com/player/TJ-McConnell/Summary/22550,200,198256,37
https://basketball.realgm.com/player/DeAnthony-Melton/Summary/85714,200,182664,44
https://basketball.realgm.com/player/Sam-Merrill/Summary/109478,200,197179,49
https://basketball.realgm.com/player/Brandon-Miller/Summary/151234,200,133669,33
https://basketball.realgm.com/player/Khris-Middleton/Summary/4294,200,225086,44
https://basketball.realgm.com/player/Emanuel-Miller/Summary/109054,200,166769,50
https://basketball.realgm.com/player/Leonard-Miller/Summary/150556,200,179471,48
https://basketball.realgm.com/player/Jordan-Miller/Summary/139875,200,165965,46
https://basketball.realgm.com/player/Riley-Minix/Summary/164271,200,155840,39
https://basketball.realgm.com/player/Josh-Minott/Summary/175934,200,183165,50
https://basketball.realgm.com/player/Yves-Missi/Summary/188144,200,121229,32
https://basketball.realgm.com/player/Ajay-Mitchell/Summary/139191,200,167681,43
https://basketball.realgm.com/player/Donovan-Mitchell/Summary/76937,200,204329,42
https://basketball.realgm.com/player/Davion-Mitchell/Summary/89964,200,172236,41
https://basketball.realgm.com/player/Moses-Moody/Summary/132632,200,197457,53
https://basketball.realgm.com/player/Jonathan-Mogbo/Summary/135126,200,156426,44
https://basketball.realgm.com/player/Evan-Mobley/Summary/117327,200,169370,46
https://basketball.realgm.com/player/Malik-Monk/Summary/52554,200,186369,49
https://basketball.realgm.com/player/Trey-Murphy-III/Summary/139788,200,172862,46
https://basketball.realgm.com/player/Ja-Morant/Summary/121815,200,164077,36
https://basketball.realgm.com/player/Dejounte-Murray/Summary/73136,200,203401,48
https://basketball.realgm.com/player/Jamal-Murray/Summary/49976,200,180868,42
https://basketball.realgm.com/player/Kris-Murray/Summary/163409,200,146941,38
https://basketball.realgm.com/player/Collin-Murray-Boyles/Summary/202374,200,109482,27
https://basketball.realgm.com/player/Eli-NDiaye/Summary/136290,200,158686,30
https://basketball.realgm.com/player/Keegan-Murray/Summary/163374,200,157362,40
https://basketball.realgm.com/player/Svi-Mykhailiuk/Summary/41726,200,245809,59
https://basketball.realgm.com/player/Pete-Nance/Summary/127259,200,171060,41
https://basketball.realgm.com/player/Larry-Nance-Jr/Summary/30624,200,196045,38
https://basketball.realgm.com/player/Andrew-Nembhard/Summary/92194,200,166531,44
https://basketball.realgm.com/player/Ryan-Nembhard/Summary/133796,200,125256,35
https://basketball.realgm.com/player/Asa-Newell/Summary/194002,200,112967,31
https://basketball.realgm.com/player/Aaron-Nesmith/Summary/132149,200,173430,43
https://basketball.realgm.com/player/Yanic-Konan-Niederhauser/Summary/183165,200,127711,35
https://basketball.realgm.com/player/Georges-Niang/Summary/42429,200,233951,50
https://basketball.realgm.com/player/Zeke-Nnaji/Summary/132518,200,157549,38
https://basketball.realgm.com/player/Jusuf-Nurkic/Summary/32965,200,215190,39
https://basketball.realgm.com/player/Onyeka-Okongwu/Summary/103946,200,158521,41
https://basketball.realgm.com/player/Royce-ONeale/Summary/31723,200,226912,45
https://basketball.realgm.com/player/Josh-Okogie/Summary/94058,200,192451,47
https://basketball.realgm.com/player/Isaac-Okoro/Summary/117420,200,165353,44
https://basketball.realgm.com/player/Lachlan-Olbrich/Summary/186799,200,131777,33
https://basketball.realgm.com/player/Kelly-Oubre-Jr/Summary/52352,200,193481,43
https://basketball.realgm.com/player/Kelly-Olynyk/Summary/8330,200,215090,39
https://basketball.realgm.com/player/Chris-Paul/Summary/61,200,281073,47
https://basketball.realgm.com/player/Micah-Peavy/Summary/117378,200,133155,35
https://basketball.realgm.com/player/Gary-Payton-II/Summary/80992,200,245152,50
https://basketball.realgm.com/player/Noah-Penda/Summary/165599,200,145555,31
https://basketball.realgm.com/player/Drew-Peterson/Summary/120120,200,173978,45
https://basketball.realgm.com/player/Julian-Phillips/Summary/162086,200,158584,46
https://basketball.realgm.com/player/Taelon-Peter/Summary/169890,200,117996,28
https://basketball.realgm.com/player/Scotty-Pippen-Jr/Summary/129709,200,209691,64
https://basketball.realgm.com/player/Mason-Plumlee/Summary/2214,200,234900,47
https://basketball.realgm.com/player/Daeqwon-Plowden/Summary/121755,200,184319,42
https://basketball.realgm.com/player/Brandin-Podziemski/Summary/175953,200,174245,48
https://basketball.realgm.com/player/Kevin-Porter-Jr/Summary/95883,200,156202,41
https://basketball.realgm.com/player/Jakob-Poeltl/Summary/53231,200,211466,51
https://basketball.realgm.com/player/Jordan-Poole/Summary/88853,200,171626,41
https://basketball.realgm.com/player/Craig-Porter-Jr/Summary/148184,200,168219,43
https://basketball.realgm.com/player/Michael-Porter-Jr/Summary/81696,200,151577,34
https://basketball.realgm.com/player/Bobby-Portis/Summary/41433,200,203524,45
https://basketball.realgm.com/player/Drake-Powell/Summary/200361,200,98399,24
https://basketball.realgm.com/player/Quinten-Post/Summary/142361,200,183378,57
https://basketball.realgm.com/player/Kristaps-Porzingis/Summary/32861,200,203894,41
https://basketball.realgm.com/player/Dwight-Powell/Summary/9346,200,232700,50
https://basketball.realgm.com/player/Norman-Powell/Summary/24195,200,213095,40
https://basketball.realgm.com/player/Taurean-Prince/Summary/42410,200,212750,47
https://basketball.realgm.com/player/Payton-Pritchard/Summary/59506,200,176367,44
https://basketball.realgm.com/player/Tyrese-Proctor/Summary/161766,200,116625,30
https://basketball.realgm.com/player/Olivier-Maxence-Prosper/Summary/133797,200,164773,45
https://basketball.realgm.com/player/Derik-Queen/Summary/182775,200,103647,27
https://basketball.realgm.com/player/Neemias-Queta/Summary/120369,200,267125,61
https://basketball.realgm.com/player/Maxime-Raynaud/Summary/152390,200,132227,34
https://basketball.realgm.com/player/Immanuel-Quickley/Summary/104825,200,159137,37
https://basketball.realgm.com/player/Julius-Randle/Summary/24301,200,193454,40
https://basketball.realgm.com/player/Duop-Reath/Summary/102495,200,202984,46
https://basketball.realgm.com/player/Jalen-Pickett/Summary/135782,200,174186,46
https://basketball.realgm.com/player/Austin-Reaves/Summary/106995,200,169843,39
https://basketball.realgm.com/player/Antonio-Reeves/Summary/127856,200,152532,43
https://basketball.realgm.com/player/Paul-Reed-Jr/Summary/121485,200,194571,49
https://basketball.realgm.com/player/Naz-Reid/Summary/81698,200,176340,48
https://basketball.realgm.com/player/Will-Richard/Summary/165336,200,119347,27
https://basketball.realgm.com/player/Nick-Richards/Summary/88857,200,168127,40
https://basketball.realgm.com/player/Jase-Richardson/Summary/191062,200,109544,30
https://basketball.realgm.com/player/Will-Riley/Summary/216250,200,108532,29
https://basketball.realgm.com/player/Zaccharie-Risacher/Summary/175806,200,179346,39
https://basketball.realgm.com/player/Duncan-Robinson/Summary/79772,200,206310,46
https://basketball.realgm.com/player/Mitchell-Robinson/Summary/88862,200,140500,28
https://basketball.realgm.com/player/Orlando-Robinson/Summary/132289,200,224418,63
https://basketball.realgm.com/player/Ryan-Rollins/Summary/169177,200,182672,44
https://basketball.realgm.com/player/Jackson-Rowe/Summary/112877,200,201251,50
https://basketball.realgm.com/player/Rayan-Rupert/Summary/152400,200,176105,38
https://basketball.realgm.com/player/DAngelo-Russell/Summary/41490,200,221544,48
https://basketball.realgm.com/player/Terry-Rozier/Summary/24644,200,213244,48
https://basketball.realgm.com/player/Domantas-Sabonis/Summary/33381,200,227444,46
https://basketball.realgm.com/player/Tidjane-Salaun/Summary/162807,200,150860,36
https://basketball.realgm.com/player/Hunter-Sallis/Summary/148725,200,121558,31
https://basketball.realgm.com/player/Kobe-Sanders/Summary/169211,200,119316,30
https://basketball.realgm.com/player/Gui-Santos/Summary/139404,200,225823,58
https://basketball.realgm.com/player/Ben-Saraf/Summary/183472,200,133669,30
https://basketball.realgm.com/player/Alex-Sarr/Summary/162806,200,130469,33
https://basketball.realgm.com/player/Dario-Saric/Summary/24342,200,230367,40
https://basketball.realgm.com/player/Baylor-Scheierman/Summary/134595,200,173194,51
https://basketball.realgm.com/player/Marcus-Sasser/Summary/148690,200,128566,30
https://basketball.realgm.com/player/Dennis-Schroder/Summary/26503,200,254629,51
https://basketball.realgm.com/player/Mark-Sears/Summary/159536,200,112137,26
https://basketball.realgm.com/player/Brice-Sensabaugh/Summary/182894,200,153868,40
https://basketball.realgm.com/player/Alperen-Sengun/Summary/137853,200,172221,40
https://basketball.realgm.com/player/Collin-Sexton/Summary/104930,200,150280,35
https://basketball.realgm.com/player/Terrence-Shannon-Jr/Summary/134233,200,170354,50
https://basketball.realgm.com/player/Jamal-Shead/Summary/148713,200,136734,34
https://basketball.realgm.com/player/Shaedon-Sharpe/Summary/150554,200,116901,27
https://basketball.realgm.com/player/DayRon-Sharpe/Summary/135668,200,170002,45
https://basketball.realgm.com/player/Landry-Shamet/Summary/84169,200,185189,40
https://basketball.realgm.com/player/Ben-Sheppard/Summary/151867,200,163666,44
https://basketball.realgm.com/player/Reed-Sheppard/Summary/179670,200,146987,46
https://basketball.realgm.com/player/Max-Shulga/Summary/151886,200,110591,26
https://basketball.realgm.com/player/Anfernee-Simons/Summary/106511,200,157143,33
https://basketball.realgm.com/player/Jericho-Sims/Summary/105383,200,183629,45
https://basketball.realgm.com/player/Javon-Small/Summary/176352,200,120338,29
https://basketball.realgm.com/player/KJ-Simpson/Summary/151391,200,137947,41
https://basketball.realgm.com/player/Marcus-Smart/Summary/24275,200,236383,50
https://basketball.realgm.com/player/Pascal-Siakam/Summary/81426,200,222837,51
https://basketball.realgm.com/player/Jalen-Smith/Summary/92804,200,173839,46
https://basketball.realgm.com/player/Dru-Smith/Summary/89521,200,195707,42
https://basketball.realgm.com/player/Nick-Smith-Jr/Summary/151487,200,159939,41
https://basketball.realgm.com/player/Tolu-Smith/Summary/140642,200,148677,38
https://basketball.realgm.com/player/Jeremy-Sochan/Summary/139379,200,135227,37
https://basketball.realgm.com/player/Thomas-Sorber/Summary/201515,200,73234,13
https://basketball.realgm.com/player/Cam-Spencer/Summary/134471,200,154875,39
https://basketball.realgm.com/player/Pat-Spencer/Summary/151771,200,198478,55
https://basketball.realgm.com/player/Isaiah-Stevens/Summary/134100,200,161809,45
https://basketball.realgm.com/player/Isaiah-Stewart-II/Summary/117418,200,162381,45
https://basketball.realgm.com/player/Julian-Strawther/Summary/117369,200,166023,48
https://basketball.realgm.com/player/Max-Strus/Summary/82568,200,189578,45
https://basketball.realgm.com/player/Jalen-Suggs/Summary/117344,200,154459,44
https://basketball.realgm.com/player/Jaesean-Tate/Summary/52353,200,167028,38
https://basketball.realgm.com/player/Jayson-Tatum/Summary/52034,200,212795,49
https://basketball.realgm.com/player/Adou-Thiero/Summary/150070,200,79939,14
https://basketball.realgm.com/player/Jahmyl-Telfort/Summary/134529,200,132853,35
https://basketball.realgm.com/player/Dalen-Terry/Summary/132642,200,169825,45
https://basketball.realgm.com/player/Amen-Thompson/Summary/176051,200,133188,36
https://basketball.realgm.com/player/Garrett-Temple/Summary/1757,200,262539,46
https://basketball.realgm.com/player/Cam-Thomas/Summary/132633,200,155776,42
https://basketball.realgm.com/player/Ausar-Thompson/Summary/176052,200,119438,31
https://basketball.realgm.com/player/Klay-Thompson/Summary/4717,200,228979,46
https://basketball.realgm.com/player/Matisse-Thybulle/Summary/84040,200,162030,36
https://basketball.realgm.com/player/Naeqwan-Tomlin/Summary/178124,200,144793,42
https://basketball.realgm.com/player/John-Tonje/Summary/134602,200,121355,30
https://basketball.realgm.com/player/Xavier-Tillman-Sr/Summary/88905,200,242391,49
https://basketball.realgm.com/player/Alex-Toohey/Summary/177212,200,104847,21
https://basketball.realgm.com/player/Nikola-Topic/Summary/179307,200,150135,26
https://basketball.realgm.com/player/Jacob-Toppin/Summary/134925,200,168395,42
https://basketball.realgm.com/player/Nolan-Traore/Summary/188668,200,148523,32
https://basketball.realgm.com/player/Karl-Anthony-Towns/Summary/39311,200,211978,45
https://basketball.realgm.com/player/Obi-Toppin/Summary/121580,200,154250,34
https://basketball.realgm.com/player/Luke-Travers/Summary/133808,200,163158,43
https://basketball.realgm.com/player/Gary-Trent-Jr/Summary/88908,200,196408,50
https://basketball.realgm.com/player/Oscar-Tshiebwe/Summary/117422,200,189868,57
https://basketball.realgm.com/player/Myles-Turner/Summary/52575,200,189529,41
https://basketball.realgm.com/player/Hunter-Tyson/Summary/132189,200,174559,49
https://basketball.realgm.com/player/Jabari-Smith-Jr/Summary/145673,200,146322,39
https://basketball.realgm.com/player/Jaylon-Tyson/Summary/162380,200,152529,43
https://basketball.realgm.com/player/Jonas-Valanciunas/Summary/24239,200,255449,45
https://basketball.realgm.com/player/Jarred-Vanderbilt/Summary/76237,200,206052,48
https://basketball.realgm.com/player/Fred-VanVleet/Summary/44094,200,217218,51
https://basketball.realgm.com/player/Devin-Vassell/Summary/132173,200,134192,27
https://basketball.realgm.com/player/Gabe-Vincent/Summary/80552,200,192884,45
https://basketball.realgm.com/player/Nikola-Vucevic/Summary/6925,200,238397,46
https://basketball.realgm.com/player/Tristan-Vukcevic/Summary/136227,200,184263,39
https://basketball.realgm.com/player/Dean-Wade/Summary/84884,200,172671,40
https://basketball.realgm.com/player/Franz-Wagner/Summary/108861,200,198249,51
https://basketball.realgm.com/player/Jabari-Walker/Summary/162031,200,137878,34
https://basketball.realgm.com/player/Moe-Wagner/Summary/75563,200,206940,50
https://basketball.realgm.com/player/Jarace-Walker/Summary/135362,200,211529,54
https://basketball.realgm.com/player/Cason-Wallace/Summary/170045,200,137674,39
https://basketball.realgm.com/player/Keaton-Wallace/Summary/121648,200,165738,37
https://basketball.realgm.com/player/Jordan-Walsh/Summary/151494,200,185675,52
https://basketball.realgm.com/player/JaKobe-Walter/Summary/170128,200,138259,40
https://basketball.realgm.com/player/Kelel-Ware/Summary/149694,200,165784,49
https://basketball.realgm.com/player/PJ-Washington/Summary/81703,200,168316,40
https://basketball.realgm.com/player/Lindy-Waters-III/Summary/89389,200,198742,52
https://basketball.realgm.com/player/Trendon-Watford/Summary/104914,200,142379,38
https://basketball.realgm.com/player/Peyton-Watson/Summary/133038,200,162807,47
https://basketball.realgm.com/player/Jamir-Watkins/Summary/169098,200,118205,29
https://basketball.realgm.com/player/Jaylen-Wells/Summary/188834,200,136424,33
https://basketball.realgm.com/player/Victor-Wembanyama/Summary/136048,200,169171,36
https://basketball.realgm.com/player/Blake-Wesley/Summary/131835,200,158382,38
https://basketball.realgm.com/player/Coby-White/Summary/107976,200,155605,42
https://basketball.realgm.com/player/Aaron-Wiggins/Summary/120275,200,178733,46
https://basketball.realgm.com/player/Derrick-White/Summary/61344,200,224679,48
https://basketball.realgm.com/player/Cam-Whitmore/Summary/176080,200,152810,44
https://basketball.realgm.com/player/Amari-Williams/Summary/139293,200,122093,31
https://basketball.realgm.com/player/Andrew-Wiggins/Summary/24682,200,224503,49
https://basketball.realgm.com/player/Brandon-Williams/Summary/89002,200,177703,43
https://basketball.realgm.com/player/Russell-Westbrook/Summary/759,200,267399,44
https://basketball.realgm.com/player/Cody-Williams/Summary/191127,200,150451,41
https://basketball.realgm.com/player/Grant-Williams/Summary/89395,200,167191,38
https://basketball.realgm.com/player/Jaylin-Williams/Summary/152736,200,183281,51
https://basketball.realgm.com/player/Jalen-Williams/Summary/135764,200,173683,48
https://basketball.realgm.com/player/Vincent-Williams-Jr/Summary/132218,200,188088,53
https://basketball.realgm.com/player/Mark-Williams/Summary/132629,200,143434,39
https://basketball.realgm.com/player/Kenrich-Williams/Summary/80275,200,173391,41
https://basketball.realgm.com/player/Patrick-Williams/Summary/132443,200,164878,45
https://basketball.realgm.com/player/Robert-Williams/Summary/90402,200,178640,46
https://basketball.realgm.com/player/Ziaire-Williams/Summary/137400,200,163174,42
https://basketball.realgm.com/player/Zion-Williamson/Summary/104845,200,151275,36
https://basketball.realgm.com/player/Jalen-Wilson/Summary/117480,200,168336,50
https://basketball.realgm.com/player/Danny-Wolf/Summary/182083,200,104225,25
https://basketball.realgm.com/player/Jahmir-Young/Summary/128490,200,160774,43
https://basketball.realgm.com/player/Guerschon-Yabusele/Summary/29646,200,251778,48
https://basketball.realgm.com/player/Trae-Young/Summary/88934,200,201390,48
https://basketball.realgm.com/player/Chris-Youngblood/Summary/151269,200,125115,30
https://basketball.realgm.com/player/Rocco-Zikarsky/Summary/185238,200,114061,27
https://basketball.realgm.com/player/Ivica-Zubac/Summary/49290,200,219159,42
